Name,Email,IP
Kamryn Gerlach,doris.ritchie@yahoo.com,194.4.45.252
Florence Larkin,lillie.kozey@hotmail.com,219.155.12.248
Levi Koelpin,fritsch.bernard@gmail.com,114.65.1.106
Garfield Sawayn,pouros.euna@gmail.com,121.39.230.192
Brannon Schulist,moore.crawford@yahoo.com,4.196.215.9
Stephania Gerhold,vicenta.trantow@cummings.org,231.182.52.225
Salvador Becker,okon.barrett@dach.org,212.240.82.29
Demarcus Tromp,kristian.ondricka@hotmail.com,10.217.248.10
Archibald Herman,javon58@gmail.com,104.214.129.158
Mike Crona,skuphal@gerlach.com,91.69.255.176
